{"cameraMode":{"drawMode":0,"name":"Shaded","section":"Shading Mode"},"sceneLighting":false,"audioPlay":false,"sceneViewState":{"m_AlwaysRefresh":false,"showFog":true,"showSkybox":false,"showFlares":true,"showImageEffects":true,"showParticleSystems":true,"showVisualEffectGraphs":true,"m_FxEnabled":true},"in2DMode":false,"pivot":{"x":8.348722457885743,"y":0.5270709991455078,"z":-0.11115200072526932},"rotation":{"x":-0.12085376679897309,"y":0.17151930928230287,"z":-0.021205492317676545,"w":-0.9775106906890869},"size":0.6707898378372192,"orthographic":false}