{"cameraMode":{"drawMode":0,"name":"Shaded","section":"Shading Mode"},"sceneLighting":true,"audioPlay":false,"sceneViewState":{"m_AlwaysRefresh":false,"showFog":true,"showSkybox":true,"showFlares":true,"showImageEffects":true,"showParticleSystems":true,"showVisualEffectGraphs":true,"m_FxEnabled":true},"in2DMode":false,"pivot":{"x":0.4307146668434143,"y":-1.0368677377700806,"z":3.3874545097351076},"rotation":{"x":-0.07953095436096192,"y":0.24820883572101594,"z":-0.02044888213276863,"w":-0.9652292728424072},"size":5.752748966217041,"orthographic":false}