{"cameraMode":{"drawMode":0,"name":"Shaded","section":"Shading Mode"},"sceneLighting":true,"audioPlay":false,"sceneViewState":{"m_AlwaysRefresh":false,"showFog":true,"showSkybox":true,"showFlares":true,"showImageEffects":true,"showParticleSystems":true,"showVisualEffectGraphs":true,"m_FxEnabled":true},"in2DMode":false,"pivot":{"x":11.096630096435547,"y":-1.3112179040908814,"z":4.338927745819092},"rotation":{"x":-0.14982964098453523,"y":-0.052477169781923297,"z":0.007963920943439007,"w":-0.9872875213623047},"size":10.271586418151856,"orthographic":false}