{"cameraMode":{"drawMode":0,"name":"Shaded","section":"Shading Mode"},"sceneLighting":true,"audioPlay":false,"sceneViewState":{"m_AlwaysRefresh":false,"showFog":true,"showSkybox":true,"showFlares":true,"showImageEffects":true,"showParticleSystems":true,"showVisualEffectGraphs":true,"m_FxEnabled":true},"in2DMode":false,"pivot":{"x":2.6144039630889894,"y":1.8156300783157349,"z":-4.610755920410156},"rotation":{"x":-0.3573317229747772,"y":0.001958641456440091,"z":-0.0007492873119190335,"w":-0.9339766502380371},"size":3.639718770980835,"orthographic":false}