{"cameraMode":{"drawMode":0,"name":"Shaded","section":"Shading Mode"},"sceneLighting":true,"audioPlay":false,"sceneViewState":{"m_AlwaysRefresh":false,"showFog":true,"showSkybox":true,"showFlares":true,"showImageEffects":true,"showParticleSystems":true,"showVisualEffectGraphs":true,"m_FxEnabled":true},"in2DMode":false,"pivot":{"x":11.164652824401856,"y":7.297191619873047,"z":0.20982861518859864},"rotation":{"x":-0.15872997045516969,"y":-0.09846003353595734,"z":0.015910468995571138,"w":-0.9822729229927063},"size":11.635472297668457,"orthographic":false}